config,seed,mae_obs,mae_do,kl_obs_learned_gt,kl_obs_gt_learned,kl_do_learned_gt,kl_do_gt_learned,hellinger_obs,hellinger_do,obs_test_nll,do_nll
backdoor_cont_100K_N64,0,0.0012598333924051844,0.0028373115759906735,0.01306094292968413,0.008774131522990699,0.09876265490614636,0.31459941321556284,0.05172011041372572,0.16944049737417546,5.787712,3.865195
backdoor_cont_100K_N64,1,0.001183402560141076,0.0026405217346281485,0.011519058850056448,0.008608209195069615,0.0927943870748616,0.33550157365110084,0.049500893940019476,0.16461766679680517,5.785672,3.882307
backdoor_cont_100K_N64,2,0.001242616930657158,0.0028257674041032308,0.011107406934735125,0.010750810733906654,0.0989079337960035,0.43709377449693465,0.051714564837302385,0.171858039623743,5.788877,4.003592
backdoor_cont_100K_N64,3,0.0012227706545294213,0.002849906913800224,0.008099831980623173,0.012838260665726178,0.0972075062196677,0.3187555464006894,0.050694469256443844,0.17007019091682016,5.788755,3.859123
backdoor_cont_100K_N64,4,0.0012393459377435384,0.00279271452436002,0.009610182433648517,0.011168076645337522,0.09226895517596384,0.3512051203751657,0.050441100810559615,0.16325909368763358,5.781387,3.90863
backdoor_cont_1200K_N64,0,0.0004565008372519957,0.0018534323324733586,0.0019928633306978685,0.002039408290878207,0.06151269565405135,0.1916280485912002,0.021676512339976306,0.13348950332791473,5.770938,3.737961
backdoor_cont_1200K_N64,1,0.00041540117063546466,0.0017706255789282448,0.0016688971390546568,0.0016839505002993783,0.05685369592555342,0.16259836419016055,0.019803615057846148,0.12781203990267442,5.766271,3.701217
backdoor_cont_1200K_N64,2,0.000455762289486207,0.0017799682419059615,0.0019325317195975742,0.0019755879547541464,0.05722141004470568,0.20278209852746634,0.0215486357692151,0.13035865378215886,5.763823,3.749061
backdoor_cont_1200K_N64,3,0.00044870084949004874,0.00189426572373071,0.001876772308623344,0.0019511673666764023,0.06400862545595333,0.17439515295665184,0.02126325430822066,0.1342869237656946,5.763808,3.714213
backdoor_cont_1200K_N64,4,0.0004338398611252896,0.0018308517867855112,0.001783185848671662,0.0017465600131863369,0.05948182872689305,0.16660907443175452,0.020345828376123035,0.13055452861525896,5.763431,3.706142
backdoor_cont_25K_N64,0,0.002113034002642244,0.0037682274904924083,0.02784580597730533,0.027708429286301725,0.1297973118795365,0.39413528264583436,0.08227738035062794,0.19537137417465225,5.917569,3.952481
backdoor_cont_25K_N64,1,0.00211591886638815,0.003875301651632045,0.02716297572873293,0.02774235850235058,0.13137404458017898,0.4576489916544477,0.08181560347556753,0.19605039350781375,5.913631,4.026025
backdoor_cont_25K_N64,2,0.0020958117369446055,0.003947398832376545,0.02085655101644185,0.0336848015352318,0.13599153731252395,0.5914369969475508,0.08133919628456454,0.20572800201000951,5.924025,4.17201
backdoor_cont_25K_N64,3,0.002147359605505837,0.0040180890378832875,0.02556187292418439,0.0304316294390804,0.14066786934560466,0.4387384172518912,0.08251764346059155,0.20529635070056704,5.918426,3.998385
backdoor_cont_25K_N64,4,0.0021390212132932113,0.003898442585067034,0.02454120260516178,0.030910143308677453,0.12853087417437176,0.49243909891370213,0.08200038186149133,0.19688114882211807,5.922375,4.069823
backdoor_cont_400K_N128,0,0.0007864677700158558,0.0017581863272741396,0.005075108909986314,0.005199789691543608,0.060573715868555866,0.22463621816484444,0.035408615035598105,0.12630281407788496,5.43584,3.781224
backdoor_cont_400K_N128,1,0.0008088519318079274,0.0017309940410841738,0.00843628039200686,0.0026371371028349184,0.0621346009651699,0.22714036567631782,0.03673651713804941,0.12675664601404804,5.438892,3.781843
backdoor_cont_400K_N128,2,0.000779536146290175,0.0016333802202421904,0.006241762680279268,0.004139253412287148,0.05708925549314889,0.2415820351655618,0.035524043110016265,0.12426447733943204,5.437353,3.80469
backdoor_cont_400K_N128,3,0.0008017581440567921,0.0016898196580327845,0.007502461435333666,0.0031790629208168046,0.05882939009552415,0.16991513046926598,0.03601266353201982,0.12123266103184088,5.445519,3.725265
backdoor_cont_400K_N128,4,0.0008036694556700131,0.0017336955454718447,0.006770843161186054,0.004078917012592691,0.06066680754290777,0.17542856386248074,0.03634971051263663,0.12367474122893791,5.437652,3.729768
backdoor_cont_400K_N16,0,0.0006532820250222605,0.002788489424147192,0.00406189944568955,0.004240168167404135,0.10369648312017571,0.39692462663588024,0.03109114832551464,0.180793286367269,6.259427,3.952825
backdoor_cont_400K_N16,1,0.0006671185510740655,0.0030146121290622807,0.003947836201369463,0.0041787570984528925,0.11642304329412069,0.41710716044291773,0.0310212901653622,0.18851891305527327,6.261726,3.970427
backdoor_cont_400K_N16,2,0.000649763076825489,0.0029405740983644846,0.004002341397752783,0.004138702952737285,0.11139667734070902,0.3849822509419702,0.03073820157493499,0.18419261762411948,6.262281,3.937571
backdoor_cont_400K_N16,3,0.000621005918148865,0.0029263150826215408,0.003714194624366906,0.0038247232821374253,0.10747509538930258,0.37653353007949725,0.02942046670620713,0.1813302312518089,6.257871,3.933365
backdoor_cont_400K_N16,4,0.000645853707159004,0.00308223401598355,0.003682348763292097,0.003726190546106321,0.11529406358450855,0.3428972420965425,0.029294429523578646,0.18370442029292125,6.258906,3.893802
backdoor_cont_400K_N32,0,0.0005639911244189352,0.0021104151693446148,0.0029559408638211424,0.003020769213703408,0.07443787411644806,0.29881990726482693,0.02678216797345309,0.14928116788683937,5.794457,3.856141
backdoor_cont_400K_N32,1,0.0005368018009632367,0.0022339174163628988,0.0025240963272474735,0.002558081795733861,0.08127088908577797,0.27945922990947936,0.02473665041305582,0.15186025785680993,5.794067,3.832673
backdoor_cont_400K_N32,2,0.0005365726434418437,0.002116915001363246,0.0027747162187030973,0.002871927061448288,0.07600683337403079,0.3166171496966242,0.025925553754639636,0.1506343709104098,5.792327,3.87698
backdoor_cont_400K_N32,3,0.0005529464237379844,0.002136688921222912,0.002888914030806839,0.0029514735786648903,0.07656810218265078,0.3191243618125946,0.026413680892479252,0.15143407318875438,5.793813,3.879041
backdoor_cont_400K_N32,4,0.000567569054626482,0.0021377911492177536,0.0029966049586371024,0.0031045985689849695,0.07648536578159072,0.31004172751100306,0.027057054971113773,0.15046791892183448,5.79379,3.869732
backdoor_cont_400K_N64,0,0.000633255561203387,0.002138114423482356,0.0033221995895629064,0.0032309029477666524,0.07360038681957262,0.24074124270046562,0.028185306334884058,0.14395068316518236,5.778911,3.791931
backdoor_cont_400K_N64,1,0.0006015177948793999,0.001928870030141506,0.002951696911885584,0.003179382350958382,0.06540363542746523,0.2286872397784013,0.02722351169311358,0.1373971774148797,5.776425,3.776274
backdoor_cont_400K_N64,2,0.0006719310154845217,0.0020919606529422904,0.005626482700610425,0.0019893758470366334,0.07368170674810179,0.2914809525370112,0.030386320728996285,0.14650019312730736,5.778257,3.851396
backdoor_cont_400K_N64,3,0.0006272078469193702,0.0021437521704725736,0.002728003735772139,0.003899233368473999,0.0733085627624173,0.23659570402811275,0.02832880445133651,0.14391013543599415,5.776707,3.787084
backdoor_cont_400K_N64,4,0.000607749413981451,0.002067075420509661,0.00142978377060543,0.004754262705540025,0.07024085546898831,0.23009315451426315,0.02733423344480244,0.14172041793193194,5.776728,3.779967
backdoor_cont_400K_N64_G1,0,0.0003511240962165802,0.006666684060493815,0.0010928677100842735,0.0010847582585458604,0.3723073089034072,0.7040407126749962,0.01574376874994349,0.3093867503308244,6.94054,4.249482
backdoor_cont_400K_N64_G1,1,0.00033901122166337815,0.006683296025487308,0.0010068254974063657,0.0010021704675711248,0.3730947669781629,0.7086641270803101,0.014920739029398914,0.30988855895101897,6.939697,4.254297
backdoor_cont_400K_N64_G1,2,0.0003599984751893627,0.00665013995582159,0.0011176729151563703,0.001109589564710185,0.37066811169536407,0.6994211811962461,0.01578216440326239,0.30836689356385266,6.940424,4.244585
backdoor_cont_400K_N64_G1,3,0.0003467661283285421,0.006655327097117844,0.001050565054499961,0.001038884770932283,0.37068479799718224,0.6993581940710089,0.015163061783307615,0.30820962269192703,6.939824,4.24535
backdoor_cont_400K_N64_G1,4,0.00033142025174414443,0.0066972829187771634,0.0009624370948929428,0.00095650040393725,0.3735348040347788,0.7056518203371192,0.01451229808586716,0.3101828481557702,6.940319,4.250214
backdoor_cont_400K_N8,0,0.0009523301736808668,0.0032034125191711723,0.008122581797793979,0.008571697591065465,0.12662187706777878,0.515442342187859,0.04393611317111778,0.19997270317065646,6.328892,4.074873
backdoor_cont_400K_N8,1,0.0010764469728041545,0.0035005663698093174,0.009328670619737703,0.009562051565023657,0.1389589354155103,0.5058981728449846,0.04679555764797425,0.20501857306998375,6.340041,4.066134
backdoor_cont_400K_N8,2,0.001016031706064323,0.003555879670551826,0.008591320963691093,0.008969258486490087,0.14717085749124525,0.5289864488147558,0.04551894863324439,0.21064199599046357,6.340833,4.085642
backdoor_cont_400K_N8,3,0.0010144462219896897,0.0035089387696603924,0.008480817370331553,0.008709327680599552,0.1432244392268673,0.49999126888018547,0.04509668059801386,0.20717892802199284,6.338955,4.055449
backdoor_cont_400K_N8,4,0.0010349503479937239,0.0034802170858442946,0.009008793082109876,0.009467484077640417,0.14362841810748908,0.5434132505257993,0.04665320531642267,0.20919961040880855,6.339464,4.1046
frontdoor_mixed_N16,0,0.0009248993873086368,0.011772164541371522,0.00012655405874995653,0.00012261167022273672,0.026692301472373385,0.029070434829088092,0.00502809360768853,0.07623712136593802,1.619224,1.155244
frontdoor_mixed_N16,1,0.0010425591766690602,0.012322468297700978,0.00015770440931824124,0.00015702758159696456,0.02577155892072497,0.030737795636219364,0.005880433241715437,0.07729805942509892,1.618961,1.156855
frontdoor_mixed_N16,2,0.0010088482683802615,0.011800157044172348,0.00015017584508692124,0.0001556620644297419,0.02848836441020863,0.028928540517398935,0.005517927614977365,0.07694624963108739,1.619091,1.155261
frontdoor_mixed_N16,3,0.0009671006659884644,0.012267338206507362,0.00014410140156978005,0.00014350386421774783,0.025685432455305267,0.03069600000098293,0.005564290857999828,0.07658970730645653,1.619052,1.156814
frontdoor_mixed_N16,4,0.001080276213188493,0.012423941635205181,0.0001557828346154479,0.0001579107108801101,0.02805267160823603,0.031779555969795426,0.005692574885200237,0.07868275066343267,1.61912,1.157919
