config,n_seeds,mae_obs_mean,mae_obs_std,mae_do_mean,mae_do_std,kl_obs_learned_gt_mean,kl_obs_learned_gt_std,kl_obs_gt_learned_mean,kl_obs_gt_learned_std,kl_do_learned_gt_mean,kl_do_learned_gt_std,kl_do_gt_learned_mean,kl_do_gt_learned_std,hellinger_obs_mean,hellinger_obs_std,hellinger_do_mean,hellinger_do_std,obs_test_nll_mean,obs_test_nll_std,do_nll_mean,do_nll_std
backdoor_cont_100K_N64,5,0.0012295938950952756,2.5920358891366308e-05,0.0027892444305764597,7.67525853315475e-05,0.01067948462574948,0.0016945418839064814,0.010427897752606132,0.0015816571150744263,0.0959882874345286,0.00288937280899374,0.35143108562789066,0.044757479001539306,0.050814227851610216,0.0008378116467755558,0.1678490976798355,0.003318062864515282,5.786480599999999,0.0027939423472937218,3.9037694000000003,0.05278275643654862
backdoor_cont_1200K_N64,5,0.0004420410015978012,1.561187664031734e-05,0.0018258287327647571,4.6089878143361045e-05,0.001850850069329021,0.00011419013659492517,0.0018793348251588938,0.00013845741475290783,0.05981565116143137,0.002686101139321071,0.1796025477394467,0.015277393839718266,0.02092756917027625,0.0007295230362401378,0.13130032987874032,0.002337663953127906,5.7656542,0.0028285455909354044,3.7217188,0.018604851500616734
backdoor_cont_25K_N64,5,0.0021222290849548095,1.8632033223913445e-05,0.003901491919490264,8.265224652160376e-05,0.025193681650365257,0.002461051745368406,0.03009547241432839,0.0022313714942769026,0.13327232745844317,0.0044776943272152175,0.47487975748268524,0.06635764692112801,0.08199004108656857,0.00040374806149337354,0.19986545384303211,0.0046372756133804946,5.9192051999999995,0.0036778828910122756,4.0437448,0.07460913885684525
backdoor_cont_400K_N128,5,0.0007960566895681526,1.1127036832527637e-05,0.0017092151584210268,4.381531180523838e-05,0.006805291315758433,0.0011365257496486468,0.003846832028015034,0.0008808116186656003,0.05985875399306132,0.0017362783439216212,0.20774046266769414,0.029263934732061306,0.03600630986566404,0.0004981942126425014,0.12444626793842876,0.0019869665853074958,5.4390512,0.00337672121443278,3.764558,0.031436883286992685
backdoor_cont_400K_N16,5,0.0006474046556459368,1.5020266820835937e-05,0.0029504449500358096,9.838197126262437e-05,0.003881724086494161,0.00015440152055747836,0.004021708409367612,0.00020601486725936618,0.11085707254576331,0.004768016434385754,0.3836889620393616,0.02453078074771459,0.03031310725911952,0.0007902009355373637,0.18370789371827836,0.0027396748422224143,6.2600422,0.001687064835742985,3.937598,0.02547788611325513
backdoor_cont_400K_N32,5,0.0005515762094376964,1.3077987894279929e-05,0.002147145531502285,4.4697225026715966e-05,0.002828054479843131,0.000169530884904763,0.0029013700437070834,0.00018803301300490831,0.07695381290809966,0.002290505640212262,0.30481247523890564,0.014492918514461587,0.026183021600948313,0.0008166264411181344,0.1507355577529296,0.0008888186925744686,5.7936908,0.000722954051098711,3.8629134,0.01711612816731627
backdoor_cont_400K_N64,5,0.0006283323264936259,2.4775083326678625e-05,0.0020739545395096776,7.798622603663767e-05,0.003211633341687297,0.0013652966533820464,0.003410631443955138,0.0009110239025270305,0.07124702944530906,0.0031897806769644907,0.24551965871165082,0.02339323883419026,0.028291635330626574,0.0011364770823036278,0.1426957214150591,0.003051213556074056,5.7774056,0.0009899364828108732,3.7973304,0.027575681232564247
backdoor_cont_400K_N64_G1,5,0.0003456640346284015,9.835124203260071e-06,0.006670546011539544,1.7551992458522342e-05,0.0010460736544079825,5.6341463198383486e-05,0.0010383806931393406,5.5203982199420104e-05,0.37205795792177904,0.00119460990155947,0.7034272070719361,0.0036154041156456007,0.015224406410355912,0.0004866017932075673,0.30920693473867866,0.0007936816371424366,6.940160800000001,0.0003366418868770252,4.248785600000001,0.003531266548987838
backdoor_cont_400K_N8,5,0.0010188410845065516,4.0072073615651625e-05,0.0034498028830074003,0.0001256658304105151,0.00870643676673284,0.00042038950847295896,0.009055963880163836,0.00039690349874888577,0.13992090546177813,0.007141573109323785,0.5187462966507168,0.015754750375119107,0.04560010107335459,0.0010551794729701633,0.20640236213238103,0.003732493383377405,6.337636999999999,0.0044168701588343726,4.0773396,0.01686954183847306
frontdoor_mixed_N16,5,0.001004736742306983,5.4670157019289196e-05,0.012117213944991479,0.00027507551270196243,0.0001468637098680694,1.1208515211306767e-05,0.00014734317826946023,1.3424247486451355e-05,0.02693806577336965,0.001152041717034513,0.03024246539069695,0.0010875428592222207,0.005536664041516278,0.0002836348480056782,0.0771507776784027,0.0008438047975085817,1.6190896000000001,8.595487188050865e-05,1.1564185999999999,0.0010312816492112783
